[
  {
    "prino": 1,
    "groupPath": "software.webpage",
    "entryName": "version",
    "entryValue": "0.75",
    "description": "version of web page&#039;s",
    "datatype": "sz",
    "option": "",
    "create_permission": 0,
    "delete_permission": 0,
    "update_permission": 7,
    "read_permission": 7,
    "readonly": 1,
    "writeonly": 0,
    "group1": "software",
    "group2": "webpage",
    "group3": "version",
    "group4": "",
    "group5": "",
    "group6": "",
    "made": "hanskim",
    "regdate": 1661789690
  },
  {
    "prino": 2,
    "groupPath": "software.bin",
    "entryName": "version",
    "entryValue": "0.97",
    "description": "version of binary",
    "datatype": "sz",
    "option": "",
    "create_permission": 0,
    "delete_permission": 0,
    "update_permission": 7,
    "read_permission": 7,
    "readonly": 1,
    "writeonly": 0,
    "group1": "software",
    "group2": "bin",
    "group3": "version",
    "group4": "",
    "group5": "",
    "group6": "",
    "made": "hanskim",
    "regdate": 1661789690
  },
  {
    "prino": 3,
    "groupPath": "software.param",
    "entryName": "version",
    "entryValue": "0.95",
    "description": "version of param tbl",
    "datatype": "sz",
    "option": "",
    "create_permission": 0,
    "delete_permission": 0,
    "update_permission": 7,
    "read_permission": 7,
    "readonly": 1,
    "writeonly": 0,
    "group1": "software",
    "group2": "param",
    "group3": "version",
    "group4": "",
    "group5": "",
    "group6": "",
    "made": "hanskim",
    "regdate": 1661789690
  },
  {
    "prino": 4,
    "groupPath": "software.param",
    "entryName": "password",
    "entryValue": "f11536bee899541aa233f5c0aa98f625",
    "description": "password of param tbl, default rootpass",
    "datatype": "sz",
    "option": "",
    "create_permission": 0,
    "delete_permission": 0,
    "update_permission": 7,
    "read_permission": 7,
    "readonly": 0,
    "writeonly": 0,
    "group1": "software",
    "group2": "param",
    "group3": "password",
    "group4": "",
    "group5": "",
    "group6": "",
    "made": "hanskim",
    "regdate": 1661789690
  },
  {
    "prino": 5,
    "groupPath": "software.build",
    "entryName": "code",
    "entryValue": "1672968230",
    "description": "timestamp of build",
    "datatype": "int",
    "option": "",
    "create_permission": 0,
    "delete_permission": 0,
    "update_permission": 7,
    "read_permission": 7,
    "readonly": 1,
    "writeonly": 0,
    "group1": "software",
    "group2": "build",
    "group3": "code",
    "group4": "",
    "group5": "",
    "group6": "",
    "made": "hanskim",
    "regdate": 1661789690
  },
  {
    "prino": 6,
    "groupPath": "software.root.update_server",
    "entryName": "address",
    "entryValue": "49.235.119.5",
    "description": "Update Cloud server",
    "datatype": "ip4",
    "option": "",
    "create_permission": 0,
    "delete_permission": 0,
    "update_permission": 7,
    "read_permission": 7,
    "readonly": 0,
    "writeonly": 0,
    "group1": "software",
    "group2": "root",
    "group3": "update_server",
    "group4": "address",
    "group5": "",
    "group6": "",
    "made": "hanskim",
    "regdate": 1661789690
  },
  {
    "prino": 7,
    "groupPath": "software.root.update_server",
    "entryName": "mac",
    "entryValue": "525400C9FE37",
    "description": "Update Cloud server MAC",
    "datatype": "sz",
    "option": "",
    "create_permission": 0,
    "delete_permission": 0,
    "update_permission": 7,
    "read_permission": 7,
    "readonly": 1,
    "writeonly": 0,
    "group1": "software",
    "group2": "root",
    "group3": "update_server",
    "group4": "mac",
    "group5": "",
    "group6": "",
    "made": "hanskim",
    "regdate": 1661789690
  },
  {
    "prino": 8,
    "groupPath": "software.root.update",
    "entryName": "autoupdate",
    "entryValue": "yes",
    "description": "Update, Auto update",
    "datatype": "yesno",
    "option": "",
    "create_permission": 0,
    "delete_permission": 0,
    "update_permission": 7,
    "read_permission": 7,
    "readonly": 0,
    "writeonly": 0,
    "group1": "software",
    "group2": "root",
    "group3": "update",
    "group4": "autoupdate",
    "group5": "",
    "group6": "",
    "made": "hanskim",
    "regdate": 1661789690
  },
  {
    "prino": 9,
    "groupPath": "software.root.update",
    "entryName": "needed",
    "entryValue": "yes",
    "description": "Update, Need to update",
    "datatype": "yesno",
    "option": "",
    "create_permission": 0,
    "delete_permission": 0,
    "update_permission": 7,
    "read_permission": 7,
    "readonly": 1,
    "writeonly": 0,
    "group1": "software",
    "group2": "root",
    "group3": "update",
    "group4": "needed",
    "group5": "",
    "group6": "",
    "made": "hanskim",
    "regdate": 1661789690
  },
  {
    "prino": 10,
    "groupPath": "software.root.webpage",
    "entryName": "developer",
    "entryValue": "hanskim",
    "description": "Name of developer",
    "datatype": "sz",
    "option": "",
    "create_permission": 0,
    "delete_permission": 0,
    "update_permission": 7,
    "read_permission": 7,
    "readonly": 1,
    "writeonly": 0,
    "group1": "software",
    "group2": "root",
    "group3": "webpage",
    "group4": "developer",
    "group5": "",
    "group6": "",
    "made": "hanskim",
    "regdate": 1661789690
  },
  {
    "prino": 11,
    "groupPath": "software.service.counting",
    "entryName": "enable",
    "entryValue": "yes",
    "description": "enable Counting service",
    "datatype": "yesno",
    "option": "yes,no",
    "create_permission": 0,
    "delete_permission": 0,
    "update_permission": 7,
    "read_permission": 7,
    "readonly": 0,
    "writeonly": 0,
    "group1": "software",
    "group2": "service",
    "group3": "counting",
    "group4": "enable",
    "group5": "",
    "group6": "",
    "made": "hanskim",
    "regdate": 1661789690
  },
  {
    "prino": 12,
    "groupPath": "software.service.tlss",
    "entryName": "port",
    "entryValue": "5000",
    "description": "Port number of Hosted service, only available when TLSS service enabled.",
    "datatype": "port",
    "option": "",
    "create_permission": 0,
    "delete_permission": 0,
    "update_permission": 7,
    "read_permission": 7,
    "readonly": 0,
    "writeonly": 0,
    "group1": "software",
    "group2": "service",
    "group3": "tlss",
    "group4": "port",
    "group5": "",
    "group6": "",
    "made": "hanskim",
    "regdate": 1661789690
  },
  {
    "prino": 13,
    "groupPath": "software.service.event",
    "entryName": "enable",
    "entryValue": "yes",
    "description": "enable Supporting Event push service",
    "datatype": "yesno",
    "option": "yes,no",
    "create_permission": 0,
    "delete_permission": 0,
    "update_permission": 7,
    "read_permission": 7,
    "readonly": 0,
    "writeonly": 0,
    "group1": "software",
    "group2": "service",
    "group3": "event",
    "group4": "enable",
    "group5": "",
    "group6": "",
    "made": "hanskim",
    "regdate": 1661789690
  },
  {
    "prino": 14,
    "groupPath": "software.service.event",
    "entryName": "port",
    "entryValue": "5030",
    "description": "Port number of Count event, only available when COUNT EVENT enabled.",
    "datatype": "port",
    "option": "",
    "create_permission": 0,
    "delete_permission": 0,
    "update_permission": 7,
    "read_permission": 7,
    "readonly": 0,
    "writeonly": 0,
    "group1": "software",
    "group2": "service",
    "group3": "event",
    "group4": "port",
    "group5": "",
    "group6": "",
    "made": "hanskim",
    "regdate": 1661789690
  },
  {
    "prino": 15,
    "groupPath": "software.service.face",
    "entryName": "enable",
    "entryValue": "no",
    "description": "Enable face detection,age and gender, need face detection camera and face++ account",
    "datatype": "yesno",
    "option": "yes,no",
    "create_permission": 0,
    "delete_permission": 0,
    "update_permission": 7,
    "read_permission": 7,
    "readonly": 0,
    "writeonly": 0,
    "group1": "software",
    "group2": "service",
    "group3": "face",
    "group4": "enable",
    "group5": "",
    "group6": "",
    "made": "hanskim",
    "regdate": 1661789690
  },
  {
    "prino": 16,
    "groupPath": "software.service.macsniff",
    "entryName": "enable",
    "entryValue": "no",
    "description": "Enable Mac sniff",
    "datatype": "yesno",
    "option": "yes,no",
    "create_permission": 0,
    "delete_permission": 0,
    "update_permission": 7,
    "read_permission": 7,
    "readonly": 0,
    "writeonly": 0,
    "group1": "software",
    "group2": "service",
    "group3": "macsniff",
    "group4": "enable",
    "group5": "",
    "group6": "",
    "made": "hanskim",
    "regdate": 1661789690
  },
  {
    "prino": 17,
    "groupPath": "software.service.macsniff",
    "entryName": "port",
    "entryValue": "5002",
    "description": "Port number of Mac sniffing, only available when MAC SNIFF enabled.",
    "datatype": "port",
    "option": "",
    "create_permission": 0,
    "delete_permission": 0,
    "update_permission": 7,
    "read_permission": 7,
    "readonly": 0,
    "writeonly": 0,
    "group1": "software",
    "group2": "service",
    "group3": "macsniff",
    "group4": "port",
    "group5": "",
    "group6": "",
    "made": "hanskim",
    "regdate": 1661789690
  },
  {
    "prino": 18,
    "groupPath": "software.service.snapshot",
    "entryName": "enable",
    "entryValue": "no",
    "description": "Enable Snapshot recording, every 10 minutee",
    "datatype": "yesno",
    "option": "yes,no",
    "create_permission": 0,
    "delete_permission": 0,
    "update_permission": 7,
    "read_permission": 7,
    "readonly": 0,
    "writeonly": 0,
    "group1": "software",
    "group2": "service",
    "group3": "snapshot",
    "group4": "enable",
    "group5": "",
    "group6": "",
    "made": "hanskim",
    "regdate": 1661789690
  },
  {
    "prino": 19,
    "groupPath": "software.service.snapshot",
    "entryName": "port",
    "entryValue": "5020",
    "description": "Port number of Snapshot recording, only available when SNAPSHOT enabled.",
    "datatype": "port",
    "option": "",
    "create_permission": 0,
    "delete_permission": 0,
    "update_permission": 7,
    "read_permission": 7,
    "readonly": 0,
    "writeonly": 0,
    "group1": "software",
    "group2": "service",
    "group3": "snapshot",
    "group4": "port",
    "group5": "",
    "group6": "",
    "made": "hanskim",
    "regdate": 1661789690
  },
  {
    "prino": 20,
    "groupPath": "software.service.query_db",
    "entryName": "enable",
    "entryValue": "no",
    "description": "Enable Access database from remote machine, not available at the time",
    "datatype": "yesno",
    "option": "",
    "create_permission": 0,
    "delete_permission": 0,
    "update_permission": 7,
    "read_permission": 7,
    "readonly": 0,
    "writeonly": 0,
    "group1": "software",
    "group2": "service",
    "group3": "query_db",
    "group4": "enable",
    "group5": "",
    "group6": "",
    "made": "hanskim",
    "regdate": 1661789690
  },
  {
    "prino": 21,
    "groupPath": "software.service.query_db",
    "entryName": "port",
    "entryValue": "5080",
    "description": "Enable Access database from remote machine, not available at the time",
    "datatype": "port",
    "option": "",
    "create_permission": 0,
    "delete_permission": 0,
    "update_permission": 7,
    "read_permission": 7,
    "readonly": 0,
    "writeonly": 0,
    "group1": "software",
    "group2": "service",
    "group3": "query_db",
    "group4": "port",
    "group5": "",
    "group6": "",
    "made": "hanskim",
    "regdate": 1661789690
  },
  {
    "prino": 22,
    "groupPath": "software.service",
    "entryName": "probe_interval",
    "entryValue": "30",
    "description": "time(secs) of proble",
    "datatype": "int",
    "option": "30|600",
    "create_permission": 0,
    "delete_permission": 0,
    "update_permission": 7,
    "read_permission": 7,
    "readonly": 0,
    "writeonly": 0,
    "group1": "software",
    "group2": "service",
    "group3": "probe_interval",
    "group4": "",
    "group5": "",
    "group6": "",
    "made": "hanskim",
    "regdate": 1661789690
  },
  {
    "prino": 23,
    "groupPath": "software.service",
    "entryName": "root_dir",
    "entryValue": "E:\\Test",
    "description": "Root dictory of platform",
    "datatype": "sz",
    "option": "",
    "create_permission": 0,
    "delete_permission": 0,
    "update_permission": 7,
    "read_permission": 7,
    "readonly": 1,
    "writeonly": 0,
    "group1": "software",
    "group2": "service",
    "group3": "root_dir",
    "group4": "",
    "group5": "",
    "group6": "",
    "made": "hanskim",
    "regdate": 1661789690
  },
  {
    "prino": 24,
    "groupPath": "software.service",
    "entryName": "start_on_boot",
    "entryValue": "yes",
    "description": "Auto start on boot on windows, already enabled on linux system",
    "datatype": "yesno",
    "option": "yes,no",
    "create_permission": 0,
    "delete_permission": 0,
    "update_permission": 7,
    "read_permission": 7,
    "readonly": 0,
    "writeonly": 0,
    "group1": "software",
    "group2": "service",
    "group3": "start_on_boot",
    "group4": "",
    "group5": "",
    "group6": "",
    "made": "hanskim",
    "regdate": 1661789690
  },
  {
    "prino": 25,
    "groupPath": "software.mysql",
    "entryName": "embedded",
    "entryValue": "yes",
    "description": "Maria DB is embedded or seperately installed",
    "datatype": "yesno",
    "option": "yes,no",
    "create_permission": 0,
    "delete_permission": 0,
    "update_permission": 7,
    "read_permission": 7,
    "readonly": 0,
    "writeonly": 0,
    "group1": "software",
    "group2": "mysql",
    "group3": "embedded",
    "group4": "",
    "group5": "",
    "group6": "",
    "made": "hanskim",
    "regdate": 1661789690
  },
  {
    "prino": 26,
    "groupPath": "software.mysql",
    "entryName": "root_pw",
    "entryValue": "rootpass",
    "description": "ROOT password for Maria DB",
    "datatype": "sz",
    "option": "",
    "create_permission": 0,
    "delete_permission": 0,
    "update_permission": 7,
    "read_permission": 7,
    "readonly": 0,
    "writeonly": 0,
    "group1": "software",
    "group2": "mysql",
    "group3": "root_pw",
    "group4": "",
    "group5": "",
    "group6": "",
    "made": "hanskim",
    "regdate": 1661789690
  },
  {
    "prino": 27,
    "groupPath": "software.mysql",
    "entryName": "path",
    "entryValue": "C:\\Program Files\\MariaDB 10.4\\bin",
    "description": "directory path of Maria DB",
    "datatype": "sz",
    "option": "",
    "create_permission": 0,
    "delete_permission": 0,
    "update_permission": 7,
    "read_permission": 7,
    "readonly": 0,
    "writeonly": 0,
    "group1": "software",
    "group2": "mysql",
    "group3": "path",
    "group4": "",
    "group5": "",
    "group6": "",
    "made": "hanskim",
    "regdate": 1661789690
  },
  {
    "prino": 28,
    "groupPath": "software.mysql",
    "entryName": "host",
    "entryValue": "localhost",
    "description": "Maria DB host, default localhost if platform is installed on the machine",
    "datatype": "sz",
    "option": "",
    "create_permission": 0,
    "delete_permission": 0,
    "update_permission": 7,
    "read_permission": 7,
    "readonly": 0,
    "writeonly": 0,
    "group1": "software",
    "group2": "mysql",
    "group3": "host",
    "group4": "",
    "group5": "",
    "group6": "",
    "made": "hanskim",
    "regdate": 1661789690
  },
  {
    "prino": 29,
    "groupPath": "software.mysql",
    "entryName": "user",
    "entryValue": "ct_user",
    "description": "Mysql sql user, not root or admin ID",
    "datatype": "sz",
    "option": "",
    "create_permission": 0,
    "delete_permission": 0,
    "update_permission": 7,
    "read_permission": 7,
    "readonly": 0,
    "writeonly": 0,
    "group1": "software",
    "group2": "mysql",
    "group3": "user",
    "group4": "",
    "group5": "",
    "group6": "",
    "made": "hanskim",
    "regdate": 1661789690
  },
  {
    "prino": 30,
    "groupPath": "software.mysql",
    "entryName": "password",
    "entryValue": "13579",
    "description": "Mysql password for user ID",
    "datatype": "sz",
    "option": "",
    "create_permission": 0,
    "delete_permission": 0,
    "update_permission": 7,
    "read_permission": 7,
    "readonly": 0,
    "writeonly": 0,
    "group1": "software",
    "group2": "mysql",
    "group3": "password",
    "group4": "",
    "group5": "",
    "group6": "",
    "made": "hanskim",
    "regdate": 1661789690
  },
  {
    "prino": 31,
    "groupPath": "software.mysql",
    "entryName": "db",
    "entryValue": "common",
    "description": "Mysql Common db name",
    "datatype": "sz",
    "option": "",
    "create_permission": 0,
    "delete_permission": 0,
    "update_permission": 7,
    "read_permission": 7,
    "readonly": 0,
    "writeonly": 0,
    "group1": "software",
    "group2": "mysql",
    "group3": "db",
    "group4": "",
    "group5": "",
    "group6": "",
    "made": "hanskim",
    "regdate": 1661789690
  },
  {
    "prino": 32,
    "groupPath": "software.mysql",
    "entryName": "charset",
    "entryValue": "utf8",
    "description": "Charset of Mysql, default utf-8",
    "datatype": "sz",
    "option": "",
    "create_permission": 0,
    "delete_permission": 0,
    "update_permission": 7,
    "read_permission": 7,
    "readonly": 0,
    "writeonly": 0,
    "group1": "software",
    "group2": "mysql",
    "group3": "charset",
    "group4": "",
    "group5": "",
    "group6": "",
    "made": "hanskim",
    "regdate": 1661789690
  },
  {
    "prino": 33,
    "groupPath": "software.mysql",
    "entryName": "port",
    "entryValue": "3306",
    "description": "Port for Mysql or Mariadb in my.ini",
    "datatype": "int",
    "option": "",
    "create_permission": 0,
    "delete_permission": 0,
    "update_permission": 7,
    "read_permission": 7,
    "readonly": 0,
    "writeonly": 0,
    "group1": "software",
    "group2": "mysql",
    "group3": "port",
    "group4": "",
    "group5": "",
    "group6": "",
    "made": "hanskim",
    "regdate": 1661789690
  },
  {
    "prino": 34,
    "groupPath": "software.mysql",
    "entryName": "recycling_time",
    "entryValue": "2592000",
    "description": "Recycling time(days) of Common database, erased if recycling time pass over and already data transfer to custom database.",
    "datatype": "int",
    "option": "",
    "create_permission": 0,
    "delete_permission": 0,
    "update_permission": 7,
    "read_permission": 7,
    "readonly": 0,
    "writeonly": 0,
    "group1": "software",
    "group2": "mysql",
    "group3": "recycling_time",
    "group4": "",
    "group5": "",
    "group6": "",
    "made": "hanskim",
    "regdate": 1661789690
  },
  {
    "prino": 35,
    "groupPath": "software.mysql.autobackup",
    "entryName": "enable",
    "entryValue": "yes",
    "description": "Backup database",
    "datatype": "yesno",
    "option": "",
    "create_permission": 0,
    "delete_permission": 0,
    "update_permission": 7,
    "read_permission": 7,
    "readonly": 0,
    "writeonly": 0,
    "group1": "software",
    "group2": "mysql",
    "group3": "autobackup",
    "group4": "enable",
    "group5": "",
    "group6": "",
    "made": "hanskim",
    "regdate": 1661789690
  },
  {
    "prino": 36,
    "groupPath": "software.mysql.autobackup",
    "entryName": "interval",
    "entryValue": "1",
    "description": "Backup database interval days",
    "datatype": "int",
    "option": "",
    "create_permission": 0,
    "delete_permission": 0,
    "update_permission": 7,
    "read_permission": 7,
    "readonly": 0,
    "writeonly": 0,
    "group1": "software",
    "group2": "mysql",
    "group3": "autobackup",
    "group4": "interval",
    "group5": "",
    "group6": "",
    "made": "hanskim",
    "regdate": 1661789690
  },
  {
    "prino": 37,
    "groupPath": "software.mysql.autobackup",
    "entryName": "schedule",
    "entryValue": "23:50",
    "description": "daily backup time(hour:minute)",
    "datatype": "sz",
    "option": "",
    "create_permission": 0,
    "delete_permission": 0,
    "update_permission": 7,
    "read_permission": 7,
    "readonly": 0,
    "writeonly": 0,
    "group1": "software",
    "group2": "mysql",
    "group3": "autobackup",
    "group4": "schedule",
    "group5": "",
    "group6": "",
    "made": "hanskim",
    "regdate": 1661789690
  },
  {
    "prino": 38,
    "groupPath": "software.mysql.autobackup",
    "entryName": "prefix",
    "entryValue": "db_",
    "description": "Backup database prefix",
    "datatype": "sz",
    "option": "",
    "create_permission": 0,
    "delete_permission": 0,
    "update_permission": 7,
    "read_permission": 7,
    "readonly": 0,
    "writeonly": 0,
    "group1": "software",
    "group2": "mysql",
    "group3": "autobackup",
    "group4": "prefix",
    "group5": "",
    "group6": "",
    "made": "hanskim",
    "regdate": 1661789690
  },
  {
    "prino": 39,
    "groupPath": "software.mysql.autobackup",
    "entryName": "backed",
    "entryValue": "",
    "description": "Backed or not in today",
    "datatype": "datetime",
    "option": "",
    "create_permission": 0,
    "delete_permission": 0,
    "update_permission": 7,
    "read_permission": 7,
    "readonly": 1,
    "writeonly": 0,
    "group1": "software",
    "group2": "mysql",
    "group3": "autobackup",
    "group4": "backed",
    "group5": "",
    "group6": "",
    "made": "hanskim",
    "regdate": 1661789690
  },
  {
    "prino": 40,
    "groupPath": "software.mysql.db_common.table",
    "entryName": "user",
    "entryValue": "users",
    "description": "Mysql Common DB table for users",
    "datatype": "sz",
    "option": "",
    "create_permission": 0,
    "delete_permission": 0,
    "update_permission": 7,
    "read_permission": 7,
    "readonly": 0,
    "writeonly": 0,
    "group1": "software",
    "group2": "mysql",
    "group3": "db_common",
    "group4": "table",
    "group5": "user",
    "group6": "",
    "made": "hanskim",
    "regdate": 1661789690
  },
  {
    "prino": 41,
    "groupPath": "software.mysql.db_common.table",
    "entryName": "account",
    "entryValue": "users",
    "description": "Mysql Common DB table for users",
    "datatype": "sz",
    "option": "",
    "create_permission": 0,
    "delete_permission": 0,
    "update_permission": 7,
    "read_permission": 7,
    "readonly": 0,
    "writeonly": 0,
    "group1": "software",
    "group2": "mysql",
    "group3": "db_common",
    "group4": "table",
    "group5": "account",
    "group6": "",
    "made": "hanskim",
    "regdate": 1661789690
  },
  {
    "prino": 42,
    "groupPath": "software.mysql.db_common.table",
    "entryName": "param",
    "entryValue": "params",
    "description": "Mysql Common DB table for parameters of devices",
    "datatype": "sz",
    "option": "",
    "create_permission": 0,
    "delete_permission": 0,
    "update_permission": 7,
    "read_permission": 7,
    "readonly": 0,
    "writeonly": 0,
    "group1": "software",
    "group2": "mysql",
    "group3": "db_common",
    "group4": "table",
    "group5": "param",
    "group6": "",
    "made": "hanskim",
    "regdate": 1661789690
  },
  {
    "prino": 43,
    "groupPath": "software.mysql.db_common.table",
    "entryName": "snapshot",
    "entryValue": "snapshot",
    "description": "Mysql Common DB table for snapshot",
    "datatype": "sz",
    "option": "",
    "create_permission": 0,
    "delete_permission": 0,
    "update_permission": 7,
    "read_permission": 7,
    "readonly": 0,
    "writeonly": 0,
    "group1": "software",
    "group2": "mysql",
    "group3": "db_common",
    "group4": "table",
    "group5": "snapshot",
    "group6": "",
    "made": "hanskim",
    "regdate": 1661789690
  },
  {
    "prino": 44,
    "groupPath": "software.mysql.db_common.table",
    "entryName": "counting",
    "entryValue": "counting_report_10min",
    "description": "Mysql Common DB table for counting",
    "datatype": "sz",
    "option": "",
    "create_permission": 0,
    "delete_permission": 0,
    "update_permission": 7,
    "read_permission": 7,
    "readonly": 0,
    "writeonly": 0,
    "group1": "software",
    "group2": "mysql",
    "group3": "db_common",
    "group4": "table",
    "group5": "counting",
    "group6": "",
    "made": "hanskim",
    "regdate": 1661789690
  },
  {
    "prino": 45,
    "groupPath": "software.mysql.db_common.table",
    "entryName": "count_event",
    "entryValue": "counting_event",
    "description": "Mysql Common DB table for counting when counting mode is event type",
    "datatype": "sz",
    "option": "",
    "create_permission": 0,
    "delete_permission": 0,
    "update_permission": 7,
    "read_permission": 7,
    "readonly": 0,
    "writeonly": 0,
    "group1": "software",
    "group2": "mysql",
    "group3": "db_common",
    "group4": "table",
    "group5": "count_event",
    "group6": "",
    "made": "hanskim",
    "regdate": 1661789690
  },
  {
    "prino": 46,
    "groupPath": "software.mysql.db_common.table",
    "entryName": "face",
    "entryValue": "face_thumbnail",
    "description": "Mysql Common DB table for face detection",
    "datatype": "sz",
    "option": "",
    "create_permission": 0,
    "delete_permission": 0,
    "update_permission": 7,
    "read_permission": 7,
    "readonly": 0,
    "writeonly": 0,
    "group1": "software",
    "group2": "mysql",
    "group3": "db_common",
    "group4": "table",
    "group5": "face",
    "group6": "",
    "made": "hanskim",
    "regdate": 1661789690
  },
  {
    "prino": 47,
    "groupPath": "software.mysql.db_common.table",
    "entryName": "heatmap",
    "entryValue": "heatmap",
    "description": "Mysql Common DB table for heatmap",
    "datatype": "sz",
    "option": "",
    "create_permission": 0,
    "delete_permission": 0,
    "update_permission": 7,
    "read_permission": 7,
    "readonly": 0,
    "writeonly": 0,
    "group1": "software",
    "group2": "mysql",
    "group3": "db_common",
    "group4": "table",
    "group5": "heatmap",
    "group6": "",
    "made": "hanskim",
    "regdate": 1661789690
  },
  {
    "prino": 48,
    "groupPath": "software.mysql.db_common.table",
    "entryName": "macsniff",
    "entryValue": "MacSniff",
    "description": "Mysql Common DB table for mac sniffing",
    "datatype": "sz",
    "option": "",
    "create_permission": 0,
    "delete_permission": 0,
    "update_permission": 7,
    "read_permission": 7,
    "readonly": 0,
    "writeonly": 0,
    "group1": "software",
    "group2": "mysql",
    "group3": "db_common",
    "group4": "table",
    "group5": "macsniff",
    "group6": "",
    "made": "hanskim",
    "regdate": 1661789690
  },
  {
    "prino": 49,
    "groupPath": "software.mysql.db_common.table",
    "entryName": "weather",
    "entryValue": "weather",
    "description": "Mysql Common DB table for weather",
    "datatype": "sz",
    "option": "",
    "create_permission": 0,
    "delete_permission": 0,
    "update_permission": 7,
    "read_permission": 7,
    "readonly": 0,
    "writeonly": 0,
    "group1": "software",
    "group2": "mysql",
    "group3": "db_common",
    "group4": "table",
    "group5": "weather",
    "group6": "",
    "made": "hanskim",
    "regdate": 1661789690
  },
  {
    "prino": 50,
    "groupPath": "software.mysql.db_common.table",
    "entryName": "access_log",
    "entryValue": "access_log",
    "description": "Mysql Common DB table for access web service log",
    "datatype": "sz",
    "option": "",
    "create_permission": 0,
    "delete_permission": 0,
    "update_permission": 7,
    "read_permission": 7,
    "readonly": 0,
    "writeonly": 0,
    "group1": "software",
    "group2": "mysql",
    "group3": "db_common",
    "group4": "table",
    "group5": "access_log",
    "group6": "",
    "made": "hanskim",
    "regdate": 1661789690
  },
  {
    "prino": 51,
    "groupPath": "software.mysql.db_common.table",
    "entryName": "language",
    "entryValue": "language",
    "description": "Mysql Common DB table for language",
    "datatype": "sz",
    "option": "",
    "create_permission": 0,
    "delete_permission": 0,
    "update_permission": 7,
    "read_permission": 7,
    "readonly": 0,
    "writeonly": 0,
    "group1": "software",
    "group2": "mysql",
    "group3": "db_common",
    "group4": "table",
    "group5": "language",
    "group6": "",
    "made": "hanskim",
    "regdate": 1661789690
  },
  {
    "prino": 52,
    "groupPath": "software.mysql.db_common.table",
    "entryName": "message",
    "entryValue": "message",
    "description": "Mysql Common DB table for message",
    "datatype": "sz",
    "option": "",
    "create_permission": 0,
    "delete_permission": 0,
    "update_permission": 7,
    "read_permission": 7,
    "readonly": 0,
    "writeonly": 0,
    "group1": "software",
    "group2": "mysql",
    "group3": "db_common",
    "group4": "table",
    "group5": "message",
    "group6": "",
    "made": "hanskim",
    "regdate": 1661789690
  },
  {
    "prino": 53,
    "groupPath": "software.mysql.db_custom",
    "entryName": "db",
    "entryValue": "cnt_demo",
    "description": "Mysql Custom DB Name",
    "datatype": "sz",
    "option": "",
    "create_permission": 0,
    "delete_permission": 0,
    "update_permission": 7,
    "read_permission": 7,
    "readonly": 0,
    "writeonly": 0,
    "group1": "software",
    "group2": "mysql",
    "group3": "db_custom",
    "group4": "db",
    "group5": "",
    "group6": "",
    "made": "hanskim",
    "regdate": 1661789690
  },
  {
    "prino": 54,
    "groupPath": "software.mysql.db_custom.table",
    "entryName": "user",
    "entryValue": "users",
    "description": "Mysql Custom DB table for users",
    "datatype": "sz",
    "option": "",
    "create_permission": 0,
    "delete_permission": 0,
    "update_permission": 7,
    "read_permission": 7,
    "readonly": 0,
    "writeonly": 0,
    "group1": "software",
    "group2": "mysql",
    "group3": "db_custom",
    "group4": "table",
    "group5": "user",
    "group6": "",
    "made": "hanskim",
    "regdate": 1661789690
  },
  {
    "prino": 55,
    "groupPath": "software.mysql.db_custom.table",
    "entryName": "account",
    "entryValue": "users",
    "description": "Mysql Custom DB table for users",
    "datatype": "sz",
    "option": "",
    "create_permission": 0,
    "delete_permission": 0,
    "update_permission": 7,
    "read_permission": 7,
    "readonly": 0,
    "writeonly": 0,
    "group1": "software",
    "group2": "mysql",
    "group3": "db_custom",
    "group4": "table",
    "group5": "account",
    "group6": "",
    "made": "hanskim",
    "regdate": 1661789690
  },
  {
    "prino": 56,
    "groupPath": "software.mysql.db_custom.table",
    "entryName": "count",
    "entryValue": "count_tenmin",
    "description": "Mysql Custom DB table for counting service",
    "datatype": "sz",
    "option": "",
    "create_permission": 0,
    "delete_permission": 0,
    "update_permission": 7,
    "read_permission": 7,
    "readonly": 0,
    "writeonly": 0,
    "group1": "software",
    "group2": "mysql",
    "group3": "db_custom",
    "group4": "table",
    "group5": "count",
    "group6": "",
    "made": "hanskim",
    "regdate": 1661789690
  },
  {
    "prino": 57,
    "groupPath": "software.mysql.db_custom.table",
    "entryName": "heatmap",
    "entryValue": "heatmap",
    "description": "Mysql Custom DB table for heatmap service",
    "datatype": "sz",
    "option": "",
    "create_permission": 0,
    "delete_permission": 0,
    "update_permission": 7,
    "read_permission": 7,
    "readonly": 0,
    "writeonly": 0,
    "group1": "software",
    "group2": "mysql",
    "group3": "db_custom",
    "group4": "table",
    "group5": "heatmap",
    "group6": "",
    "made": "hanskim",
    "regdate": 1661789690
  },
  {
    "prino": 58,
    "groupPath": "software.mysql.db_custom.table",
    "entryName": "age_gender",
    "entryValue": "age_gender",
    "description": "Mysql Custom DB table for age and gender",
    "datatype": "sz",
    "option": "",
    "create_permission": 0,
    "delete_permission": 0,
    "update_permission": 7,
    "read_permission": 7,
    "readonly": 0,
    "writeonly": 0,
    "group1": "software",
    "group2": "mysql",
    "group3": "db_custom",
    "group4": "table",
    "group5": "age_gender",
    "group6": "",
    "made": "hanskim",
    "regdate": 1661789690
  },
  {
    "prino": 59,
    "groupPath": "software.mysql.db_custom.table",
    "entryName": "macsniff",
    "entryValue": "macsniff",
    "description": "Mysql Custom DB table for mac sniffing",
    "datatype": "sz",
    "option": "",
    "create_permission": 0,
    "delete_permission": 0,
    "update_permission": 7,
    "read_permission": 7,
    "readonly": 0,
    "writeonly": 0,
    "group1": "software",
    "group2": "mysql",
    "group3": "db_custom",
    "group4": "table",
    "group5": "macsniff",
    "group6": "",
    "made": "hanskim",
    "regdate": 1661789690
  },
  {
    "prino": 60,
    "groupPath": "software.mysql.db_custom.table",
    "entryName": "weather",
    "entryValue": "weather",
    "description": "Mysql Custom DB table for weather",
    "datatype": "sz",
    "option": "",
    "create_permission": 0,
    "delete_permission": 0,
    "update_permission": 7,
    "read_permission": 7,
    "readonly": 0,
    "writeonly": 0,
    "group1": "software",
    "group2": "mysql",
    "group3": "db_custom",
    "group4": "table",
    "group5": "weather",
    "group6": "",
    "made": "hanskim",
    "regdate": 1661789690
  },
  {
    "prino": 61,
    "groupPath": "software.mysql.db_custom.table",
    "entryName": "square",
    "entryValue": "square",
    "description": "Mysql Custom DB table for square",
    "datatype": "sz",
    "option": "",
    "create_permission": 0,
    "delete_permission": 0,
    "update_permission": 7,
    "read_permission": 7,
    "readonly": 0,
    "writeonly": 0,
    "group1": "software",
    "group2": "mysql",
    "group3": "db_custom",
    "group4": "table",
    "group5": "square",
    "group6": "",
    "made": "hanskim",
    "regdate": 1661789690
  },
  {
    "prino": 62,
    "groupPath": "software.mysql.db_custom.table",
    "entryName": "store",
    "entryValue": "store",
    "description": "Mysql Custom DB table for store",
    "datatype": "sz",
    "option": "",
    "create_permission": 0,
    "delete_permission": 0,
    "update_permission": 7,
    "read_permission": 7,
    "readonly": 0,
    "writeonly": 0,
    "group1": "software",
    "group2": "mysql",
    "group3": "db_custom",
    "group4": "table",
    "group5": "store",
    "group6": "",
    "made": "hanskim",
    "regdate": 1661789690
  },
  {
    "prino": 63,
    "groupPath": "software.mysql.db_custom.table",
    "entryName": "camera",
    "entryValue": "camera",
    "description": "Mysql Custom DB table for camera(device)",
    "datatype": "sz",
    "option": "",
    "create_permission": 0,
    "delete_permission": 0,
    "update_permission": 7,
    "read_permission": 7,
    "readonly": 0,
    "writeonly": 0,
    "group1": "software",
    "group2": "mysql",
    "group3": "db_custom",
    "group4": "table",
    "group5": "camera",
    "group6": "",
    "made": "hanskim",
    "regdate": 1661789690
  },
  {
    "prino": 64,
    "groupPath": "software.mysql.db_custom.table",
    "entryName": "counter_label",
    "entryValue": "counter_label",
    "description": "Mysql Custom DB table for counter label of device",
    "datatype": "sz",
    "option": "",
    "create_permission": 0,
    "delete_permission": 0,
    "update_permission": 7,
    "read_permission": 7,
    "readonly": 0,
    "writeonly": 0,
    "group1": "software",
    "group2": "mysql",
    "group3": "db_custom",
    "group4": "table",
    "group5": "counter_label",
    "group6": "",
    "made": "hanskim",
    "regdate": 1661789690
  },
  {
    "prino": 65,
    "groupPath": "software.mysql.db_custom.table",
    "entryName": "language",
    "entryValue": "language",
    "description": "Mysql Custom DB table for language",
    "datatype": "sz",
    "option": "",
    "create_permission": 0,
    "delete_permission": 0,
    "update_permission": 7,
    "read_permission": 7,
    "readonly": 0,
    "writeonly": 0,
    "group1": "software",
    "group2": "mysql",
    "group3": "db_custom",
    "group4": "table",
    "group5": "language",
    "group6": "",
    "made": "hanskim",
    "regdate": 1661789690
  },
  {
    "prino": 66,
    "groupPath": "software.mysql.db_custom.table",
    "entryName": "rtscreen",
    "entryValue": "realtime_screen",
    "description": "Mysql Custom DB table for realtime screen",
    "datatype": "sz",
    "option": "",
    "create_permission": 0,
    "delete_permission": 0,
    "update_permission": 7,
    "read_permission": 7,
    "readonly": 0,
    "writeonly": 0,
    "group1": "software",
    "group2": "mysql",
    "group3": "db_custom",
    "group4": "table",
    "group5": "rtscreen",
    "group6": "",
    "made": "hanskim",
    "regdate": 1661789690
  },
  {
    "prino": 67,
    "groupPath": "software.fpp",
    "entryName": "host",
    "entryValue": "api-cn.faceplusplus.com",
    "description": "Face++ api host",
    "datatype": "sz",
    "option": "",
    "create_permission": 0,
    "delete_permission": 0,
    "update_permission": 7,
    "read_permission": 7,
    "readonly": 0,
    "writeonly": 0,
    "group1": "software",
    "group2": "fpp",
    "group3": "host",
    "group4": "",
    "group5": "",
    "group6": "",
    "made": "hanskim",
    "regdate": 1661789690
  },
  {
    "prino": 68,
    "groupPath": "software.fpp",
    "entryName": "port",
    "entryValue": "443",
    "description": "Face++ api port",
    "datatype": "port",
    "option": "",
    "create_permission": 0,
    "delete_permission": 0,
    "update_permission": 7,
    "read_permission": 7,
    "readonly": 0,
    "writeonly": 0,
    "group1": "software",
    "group2": "fpp",
    "group3": "port",
    "group4": "",
    "group5": "",
    "group6": "",
    "made": "hanskim",
    "regdate": 1661789690
  },
  {
    "prino": 69,
    "groupPath": "software.fpp",
    "entryName": "api_key",
    "entryValue": "",
    "description": "Face++ api key for face detection, please visit www.faceplusplus.com.cn",
    "datatype": "sz",
    "option": "",
    "create_permission": 0,
    "delete_permission": 0,
    "update_permission": 7,
    "read_permission": 7,
    "readonly": 0,
    "writeonly": 0,
    "group1": "software",
    "group2": "fpp",
    "group3": "api_key",
    "group4": "",
    "group5": "",
    "group6": "",
    "made": "hanskim",
    "regdate": 1661789690
  },
  {
    "prino": 70,
    "groupPath": "software.fpp",
    "entryName": "api_srct",
    "entryValue": "",
    "description": "Face++ api secret for face detection, please visit www.faceplusplus.com.cn",
    "datatype": "sz",
    "option": "",
    "create_permission": 0,
    "delete_permission": 0,
    "update_permission": 7,
    "read_permission": 7,
    "readonly": 0,
    "writeonly": 0,
    "group1": "software",
    "group2": "fpp",
    "group3": "api_srct",
    "group4": "",
    "group5": "",
    "group6": "",
    "made": "hanskim",
    "regdate": 1661789690
  },
  {
    "prino": 71,
    "groupPath": "software.weather",
    "entryName": "host",
    "entryValue": "tianqiapi.com",
    "description": "Weather service api host, not available at the time",
    "datatype": "sz",
    "option": "",
    "create_permission": 0,
    "delete_permission": 0,
    "update_permission": 7,
    "read_permission": 7,
    "readonly": 0,
    "writeonly": 0,
    "group1": "software",
    "group2": "weather",
    "group3": "host",
    "group4": "",
    "group5": "",
    "group6": "",
    "made": "hanskim",
    "regdate": 1661789690
  },
  {
    "prino": 72,
    "groupPath": "software.weather",
    "entryName": "port",
    "entryValue": "443",
    "description": "Weather service api port, not available at the time",
    "datatype": "port",
    "option": "",
    "create_permission": 0,
    "delete_permission": 0,
    "update_permission": 7,
    "read_permission": 7,
    "readonly": 0,
    "writeonly": 0,
    "group1": "software",
    "group2": "weather",
    "group3": "port",
    "group4": "",
    "group5": "",
    "group6": "",
    "made": "hanskim",
    "regdate": 1661789690
  },
  {
    "prino": 73,
    "groupPath": "software.weather",
    "entryName": "api_key",
    "entryValue": "",
    "description": "Weather service api key, not available at the time",
    "datatype": "sz",
    "option": "",
    "create_permission": 0,
    "delete_permission": 0,
    "update_permission": 7,
    "read_permission": 7,
    "readonly": 0,
    "writeonly": 0,
    "group1": "software",
    "group2": "weather",
    "group3": "api_key",
    "group4": "",
    "group5": "",
    "group6": "",
    "made": "hanskim",
    "regdate": 1661789690
  },
  {
    "prino": 74,
    "groupPath": "software.weather",
    "entryName": "api_srct",
    "entryValue": "",
    "description": "Weather service api secret, not available at the time",
    "datatype": "sz",
    "option": "",
    "create_permission": 0,
    "delete_permission": 0,
    "update_permission": 7,
    "read_permission": 7,
    "readonly": 0,
    "writeonly": 0,
    "group1": "software",
    "group2": "weather",
    "group3": "api_srct",
    "group4": "",
    "group5": "",
    "group6": "",
    "made": "hanskim",
    "regdate": 1661789690
  },
  {
    "prino": 75,
    "groupPath": "software.webpage",
    "entryName": "age_group",
    "entryValue": "[0,18,30,45,65]",
    "description": "Age group of age database, default [0,18,30,45,65] means [0~17, 18~29, 30~44, 45~64, 65~99]",
    "datatype": "sz",
    "option": "",
    "create_permission": 0,
    "delete_permission": 0,
    "update_permission": 7,
    "read_permission": 7,
    "readonly": 0,
    "writeonly": 0,
    "group1": "software",
    "group2": "webpage",
    "group3": "age_group",
    "group4": "",
    "group5": "",
    "group6": "",
    "made": "hanskim",
    "regdate": 1661789690
  },
  {
    "prino": 76,
    "groupPath": "software.service.license",
    "entryName": "code",
    "entryValue": "",
    "description": "License for this machine.",
    "datatype": "sz",
    "option": "",
    "create_permission": 0,
    "delete_permission": 0,
    "update_permission": 7,
    "read_permission": 7,
    "readonly": 0,
    "writeonly": 0,
    "group1": "software",
    "group2": "service",
    "group3": "license",
    "group4": "code",
    "group5": "",
    "group6": "",
    "made": "hanskim",
    "regdate": 1661789690
  },
  {
    "prino": 77,
    "groupPath": "software.service.license",
    "entryName": "exp_date",
    "entryValue": "",
    "description": "License Expire date for this machine.",
    "datatype": "sz",
    "option": "",
    "create_permission": 0,
    "delete_permission": 0,
    "update_permission": 7,
    "read_permission": 7,
    "readonly": 1,
    "writeonly": 0,
    "group1": "software",
    "group2": "service",
    "group3": "license",
    "group4": "exp_date",
    "group5": "",
    "group6": "",
    "made": "hanskim",
    "regdate": 1661789690
  },
  {
    "prino": 78,
    "groupPath": "software.service.license",
    "entryName": "timestamp",
    "entryValue": "",
    "description": "License Expire timestamp for this machine.",
    "datatype": "sz",
    "option": "",
    "create_permission": 0,
    "delete_permission": 0,
    "update_permission": 7,
    "read_permission": 7,
    "readonly": 1,
    "writeonly": 0,
    "group1": "software",
    "group2": "service",
    "group3": "license",
    "group4": "timestamp",
    "group5": "",
    "group6": "",
    "made": "hanskim",
    "regdate": 1661789690
  },
  {
    "prino": 79,
    "groupPath": "software.service.license",
    "entryName": "changed",
    "entryValue": "no",
    "description": "License information changed",
    "datatype": "yesno",
    "option": "",
    "create_permission": 0,
    "delete_permission": 0,
    "update_permission": 7,
    "read_permission": 7,
    "readonly": 1,
    "writeonly": 0,
    "group1": "software",
    "group2": "service",
    "group3": "license",
    "group4": "changed",
    "group5": "",
    "group6": "",
    "made": "hanskim",
    "regdate": 1661789690
  },
  {
    "prino": 80,
    "groupPath": "software.status",
    "entryName": "report",
    "entryValue": "yes",
    "description": "enable report of device status to server",
    "datatype": "yesno",
    "option": "",
    "create_permission": 0,
    "delete_permission": 0,
    "update_permission": 7,
    "read_permission": 7,
    "readonly": 1,
    "writeonly": 0,
    "group1": "software",
    "group2": "status",
    "group3": "report",
    "group4": "",
    "group5": "",
    "group6": "",
    "made": "hanskim",
    "regdate": 1661789690
  },
  {
    "prino": 81,
    "groupPath": "software.status",
    "entryName": "start_time",
    "entryValue": "1661947271",
    "description": "timestamp of program on thistime.",
    "datatype": "int",
    "option": "",
    "create_permission": 0,
    "delete_permission": 0,
    "update_permission": 7,
    "read_permission": 7,
    "readonly": 1,
    "writeonly": 0,
    "group1": "software",
    "group2": "status",
    "group3": "start_time",
    "group4": "",
    "group5": "",
    "group6": "",
    "made": "hanskim",
    "regdate": 1661789690
  },
  {
    "prino": 82,
    "groupPath": "software.status",
    "entryName": "last_time",
    "entryValue": "0",
    "description": "timestamp of program last access. so running time=last_time-star_time",
    "datatype": "int",
    "option": "",
    "create_permission": 0,
    "delete_permission": 0,
    "update_permission": 7,
    "read_permission": 7,
    "readonly": 1,
    "writeonly": 0,
    "group1": "software",
    "group2": "status",
    "group3": "last_time",
    "group4": "",
    "group5": "",
    "group6": "",
    "made": "hanskim",
    "regdate": 1661789690
  },
  {
    "prino": 83,
    "groupPath": "software.status",
    "entryName": "connecting_device",
    "entryValue": "0",
    "description": "number of connecting devices on this time(total)",
    "datatype": "int",
    "option": "",
    "create_permission": 0,
    "delete_permission": 0,
    "update_permission": 7,
    "read_permission": 7,
    "readonly": 1,
    "writeonly": 0,
    "group1": "software",
    "group2": "status",
    "group3": "connecting_device",
    "group4": "",
    "group5": "",
    "group6": "",
    "made": "hanskim",
    "regdate": 1661789690
  },
  {
    "prino": 84,
    "groupPath": "software.status",
    "entryName": "active_device",
    "entryValue": "7",
    "description": "number of connecting and active(on line within 1hour) devices",
    "datatype": "int",
    "option": "",
    "create_permission": 0,
    "delete_permission": 0,
    "update_permission": 7,
    "read_permission": 7,
    "readonly": 1,
    "writeonly": 0,
    "group1": "software",
    "group2": "status",
    "group3": "active_device",
    "group4": "",
    "group5": "",
    "group6": "",
    "made": "hanskim",
    "regdate": 1661789690
  },
  {
    "prino": 85,
    "groupPath": "software.status",
    "entryName": "last_device_access",
    "entryValue": "1661949256",
    "description": "timstamp of access at least on device",
    "datatype": "int",
    "option": "",
    "create_permission": 0,
    "delete_permission": 0,
    "update_permission": 7,
    "read_permission": 7,
    "readonly": 1,
    "writeonly": 0,
    "group1": "software",
    "group2": "status",
    "group3": "last_device_access",
    "group4": "",
    "group5": "",
    "group6": "",
    "made": "hanskim",
    "regdate": 1661789690
  },
  {
    "prino": 86,
    "groupPath": "software.status",
    "entryName": "temperature_max",
    "entryValue": "0",
    "description": "max temperature of system of cosilan",
    "datatype": "int",
    "option": "",
    "create_permission": 0,
    "delete_permission": 0,
    "update_permission": 7,
    "read_permission": 7,
    "readonly": 1,
    "writeonly": 0,
    "group1": "software",
    "group2": "status",
    "group3": "temperature_max",
    "group4": "",
    "group5": "",
    "group6": "",
    "made": "hanskim",
    "regdate": 1661789690
  },
  {
    "prino": 87,
    "groupPath": "software.status",
    "entryName": "temperature",
    "entryValue": "0",
    "description": "temperature of system of cosilan",
    "datatype": "int",
    "option": "",
    "create_permission": 0,
    "delete_permission": 0,
    "update_permission": 7,
    "read_permission": 7,
    "readonly": 1,
    "writeonly": 0,
    "group1": "software",
    "group2": "status",
    "group3": "temperature",
    "group4": "",
    "group5": "",
    "group6": "",
    "made": "hanskim",
    "regdate": 1661789690
  },
  {
    "prino": 88,
    "groupPath": "software.status",
    "entryName": "datetime_sync",
    "entryValue": "1661947747",
    "description": "Timestamp of datetimesync to devices",
    "datatype": "int",
    "option": "",
    "create_permission": 0,
    "delete_permission": 0,
    "update_permission": 7,
    "read_permission": 7,
    "readonly": 1,
    "writeonly": 0,
    "group1": "software",
    "group2": "status",
    "group3": "datetime_sync",
    "group4": "",
    "group5": "",
    "group6": "",
    "made": "hanskim",
    "regdate": 1661789690
  },
  {
    "prino": 89,
    "groupPath": "system.datetime",
    "entryName": "datetime",
    "entryValue": "",
    "description": "Datetime of system",
    "datatype": "datetime",
    "option": "",
    "create_permission": 0,
    "delete_permission": 0,
    "update_permission": 7,
    "read_permission": 7,
    "readonly": 1,
    "writeonly": 0,
    "group1": "system",
    "group2": "datetime",
    "group3": "datetime",
    "group4": "",
    "group5": "",
    "group6": "",
    "made": "hanskim",
    "regdate": 1661789690
  },
  {
    "prino": 90,
    "groupPath": "system.datetime",
    "entryName": "timezone",
    "entryValue": "Asia/Shanghai",
    "description": "Timezone of system",
    "datatype": "sz",
    "option": "",
    "create_permission": 0,
    "delete_permission": 0,
    "update_permission": 7,
    "read_permission": 7,
    "readonly": 0,
    "writeonly": 0,
    "group1": "system",
    "group2": "datetime",
    "group3": "timezone",
    "group4": "",
    "group5": "",
    "group6": "",
    "made": "hanskim",
    "regdate": 1661789690
  },
  {
    "prino": 91,
    "groupPath": "system.datetime.timezone",
    "entryName": "offset",
    "entryValue": "28800",
    "description": "Timezone offset of system",
    "datatype": "int",
    "option": "",
    "create_permission": 0,
    "delete_permission": 0,
    "update_permission": 7,
    "read_permission": 7,
    "readonly": 1,
    "writeonly": 0,
    "group1": "system",
    "group2": "datetime",
    "group3": "timezone",
    "group4": "offset",
    "group5": "",
    "group6": "",
    "made": "hanskim",
    "regdate": 1661789690
  },
  {
    "prino": 92,
    "groupPath": "system.network.eth0",
    "entryName": "hwaddr",
    "entryValue": "0A611218709D",
    "description": "Mac address of eth0",
    "datatype": "sz",
    "option": "",
    "create_permission": 0,
    "delete_permission": 0,
    "update_permission": 7,
    "read_permission": 7,
    "readonly": 0,
    "writeonly": 0,
    "group1": "system",
    "group2": "network",
    "group3": "eth0",
    "group4": "hwaddr",
    "group5": "",
    "group6": "",
    "made": "hanskim",
    "regdate": 1661789690
  },
  {
    "prino": 93,
    "groupPath": "system.network.eth0",
    "entryName": "connected",
    "entryValue": "",
    "description": "Status of eth0 physical connection",
    "datatype": "yesno",
    "option": "yes,no",
    "create_permission": 0,
    "delete_permission": 0,
    "update_permission": 7,
    "read_permission": 7,
    "readonly": 0,
    "writeonly": 0,
    "group1": "system",
    "group2": "network",
    "group3": "eth0",
    "group4": "connected",
    "group5": "",
    "group6": "",
    "made": "hanskim",
    "regdate": 1661789690
  },
  {
    "prino": 94,
    "groupPath": "system.network.eth0.ip4",
    "entryName": "mode",
    "entryValue": "",
    "description": "Mode of Ethernet",
    "datatype": "select",
    "option": "dhcp,static",
    "create_permission": 0,
    "delete_permission": 0,
    "update_permission": 7,
    "read_permission": 7,
    "readonly": 0,
    "writeonly": 0,
    "group1": "system",
    "group2": "network",
    "group3": "eth0",
    "group4": "ip4",
    "group5": "mode",
    "group6": "",
    "made": "hanskim",
    "regdate": 1661789690
  },
  {
    "prino": 95,
    "groupPath": "system.network.eth0.ip4",
    "entryName": "changed",
    "entryValue": "no",
    "description": "changed network",
    "datatype": "yesno",
    "option": "yes,no",
    "create_permission": 0,
    "delete_permission": 0,
    "update_permission": 7,
    "read_permission": 7,
    "readonly": 0,
    "writeonly": 0,
    "group1": "system",
    "group2": "network",
    "group3": "eth0",
    "group4": "ip4",
    "group5": "changed",
    "group6": "",
    "made": "hanskim",
    "regdate": 1661789690
  },
  {
    "prino": 96,
    "groupPath": "system.network.eth0.ip4",
    "entryName": "address",
    "entryValue": "",
    "description": "Ethernet Address",
    "datatype": "ipv4",
    "option": "",
    "create_permission": 0,
    "delete_permission": 0,
    "update_permission": 7,
    "read_permission": 7,
    "readonly": 0,
    "writeonly": 0,
    "group1": "system",
    "group2": "network",
    "group3": "eth0",
    "group4": "ip4",
    "group5": "address",
    "group6": "",
    "made": "hanskim",
    "regdate": 1661789690
  },
  {
    "prino": 97,
    "groupPath": "system.network.eth0.ip4",
    "entryName": "subnetmask",
    "entryValue": "",
    "description": "Ethernet subnetmask",
    "datatype": "ipv4",
    "option": "",
    "create_permission": 0,
    "delete_permission": 0,
    "update_permission": 7,
    "read_permission": 7,
    "readonly": 0,
    "writeonly": 0,
    "group1": "system",
    "group2": "network",
    "group3": "eth0",
    "group4": "ip4",
    "group5": "subnetmask",
    "group6": "",
    "made": "hanskim",
    "regdate": 1661789690
  },
  {
    "prino": 98,
    "groupPath": "system.network.eth0.ip4",
    "entryName": "gateway",
    "entryValue": "",
    "description": "Ethernet gateway",
    "datatype": "ipv4",
    "option": "",
    "create_permission": 0,
    "delete_permission": 0,
    "update_permission": 7,
    "read_permission": 7,
    "readonly": 0,
    "writeonly": 0,
    "group1": "system",
    "group2": "network",
    "group3": "eth0",
    "group4": "ip4",
    "group5": "gateway",
    "group6": "",
    "made": "hanskim",
    "regdate": 1661789690
  },
  {
    "prino": 99,
    "groupPath": "system.network.eth0.ip4",
    "entryName": "dns1",
    "entryValue": "",
    "description": "Ethernet dns1",
    "datatype": "ipv4",
    "option": "",
    "create_permission": 0,
    "delete_permission": 0,
    "update_permission": 7,
    "read_permission": 7,
    "readonly": 0,
    "writeonly": 0,
    "group1": "system",
    "group2": "network",
    "group3": "eth0",
    "group4": "ip4",
    "group5": "dns1",
    "group6": "",
    "made": "hanskim",
    "regdate": 1661789690
  },
  {
    "prino": 100,
    "groupPath": "system.network.eth0.ip4",
    "entryName": "dns2",
    "entryValue": "",
    "description": "Ethernet dns2",
    "datatype": "ipv4",
    "option": "",
    "create_permission": 0,
    "delete_permission": 0,
    "update_permission": 7,
    "read_permission": 7,
    "readonly": 0,
    "writeonly": 0,
    "group1": "system",
    "group2": "network",
    "group3": "eth0",
    "group4": "ip4",
    "group5": "dns2",
    "group6": "",
    "made": "hanskim",
    "regdate": 1661789690
  },
  {
    "prino": 101,
    "groupPath": "system.network.eth0.ip6",
    "entryName": "enable",
    "entryValue": "no",
    "description": "IP6 enabled",
    "datatype": "yesno",
    "option": "yes,no",
    "create_permission": 0,
    "delete_permission": 0,
    "update_permission": 7,
    "read_permission": 7,
    "readonly": 0,
    "writeonly": 0,
    "group1": "system",
    "group2": "network",
    "group3": "eth0",
    "group4": "ip6",
    "group5": "enable",
    "group6": "",
    "made": "hanskim",
    "regdate": 1661789690
  },
  {
    "prino": 102,
    "groupPath": "system.network.eth0.ip6",
    "entryName": "mode",
    "entryValue": "dhcp",
    "description": "Mode of Ethernet",
    "datatype": "select",
    "option": "dhcp,static",
    "create_permission": 0,
    "delete_permission": 0,
    "update_permission": 7,
    "read_permission": 7,
    "readonly": 0,
    "writeonly": 0,
    "group1": "system",
    "group2": "network",
    "group3": "eth0",
    "group4": "ip6",
    "group5": "mode",
    "group6": "",
    "made": "hanskim",
    "regdate": 1661789690
  },
  {
    "prino": 103,
    "groupPath": "system.network.eth0.ip6",
    "entryName": "changed",
    "entryValue": "no",
    "description": "changed network setting",
    "datatype": "yesno",
    "option": "yes,no",
    "create_permission": 0,
    "delete_permission": 0,
    "update_permission": 7,
    "read_permission": 7,
    "readonly": 0,
    "writeonly": 0,
    "group1": "system",
    "group2": "network",
    "group3": "eth0",
    "group4": "ip6",
    "group5": "changed",
    "group6": "",
    "made": "hanskim",
    "regdate": 1661789690
  },
  {
    "prino": 104,
    "groupPath": "system.network.eth0.ip6",
    "entryName": "address",
    "entryValue": "",
    "description": "Ethernet Address",
    "datatype": "ipv6",
    "option": "",
    "create_permission": 0,
    "delete_permission": 0,
    "update_permission": 7,
    "read_permission": 7,
    "readonly": 0,
    "writeonly": 0,
    "group1": "system",
    "group2": "network",
    "group3": "eth0",
    "group4": "ip6",
    "group5": "address",
    "group6": "",
    "made": "hanskim",
    "regdate": 1661789690
  },
  {
    "prino": 105,
    "groupPath": "system.network.eth0.ip6",
    "entryName": "subnetmask",
    "entryValue": "",
    "description": "Ethernet subnetmask",
    "datatype": "ipv4",
    "option": "",
    "create_permission": 0,
    "delete_permission": 0,
    "update_permission": 7,
    "read_permission": 7,
    "readonly": 0,
    "writeonly": 0,
    "group1": "system",
    "group2": "network",
    "group3": "eth0",
    "group4": "ip6",
    "group5": "subnetmask",
    "group6": "",
    "made": "hanskim",
    "regdate": 1661789690
  },
  {
    "prino": 106,
    "groupPath": "system.network.eth0.ip6",
    "entryName": "gateway",
    "entryValue": "",
    "description": "Ethernet gateway",
    "datatype": "ipv6",
    "option": "",
    "create_permission": 0,
    "delete_permission": 0,
    "update_permission": 7,
    "read_permission": 7,
    "readonly": 0,
    "writeonly": 0,
    "group1": "system",
    "group2": "network",
    "group3": "eth0",
    "group4": "ip6",
    "group5": "gateway",
    "group6": "",
    "made": "hanskim",
    "regdate": 1661789690
  },
  {
    "prino": 107,
    "groupPath": "system.network.eth0.ip6",
    "entryName": "dns1",
    "entryValue": "",
    "description": "Ethernet dns1",
    "datatype": "ipv6",
    "option": "",
    "create_permission": 0,
    "delete_permission": 0,
    "update_permission": 7,
    "read_permission": 7,
    "readonly": 0,
    "writeonly": 0,
    "group1": "system",
    "group2": "network",
    "group3": "eth0",
    "group4": "ip6",
    "group5": "dns1",
    "group6": "",
    "made": "hanskim",
    "regdate": 1661789690
  },
  {
    "prino": 108,
    "groupPath": "system.network.eth0.ip6",
    "entryName": "dns2",
    "entryValue": "",
    "description": "Ethernet dns2",
    "datatype": "ipv6",
    "option": "",
    "create_permission": 0,
    "delete_permission": 0,
    "update_permission": 7,
    "read_permission": 7,
    "readonly": 0,
    "writeonly": 0,
    "group1": "system",
    "group2": "network",
    "group3": "eth0",
    "group4": "ip6",
    "group5": "dns2",
    "group6": "",
    "made": "hanskim",
    "regdate": 1661789690
  },
  {
    "prino": 109,
    "groupPath": "system.network.wlan0",
    "entryName": "hwaddr",
    "entryValue": "",
    "description": "Mac address of wlan0",
    "datatype": "sz",
    "option": "",
    "create_permission": 0,
    "delete_permission": 0,
    "update_permission": 7,
    "read_permission": 7,
    "readonly": 0,
    "writeonly": 0,
    "group1": "system",
    "group2": "network",
    "group3": "wlan0",
    "group4": "hwaddr",
    "group5": "",
    "group6": "",
    "made": "hanskim",
    "regdate": 1661789690
  },
  {
    "prino": 110,
    "groupPath": "system.network.wlan0",
    "entryName": "connected",
    "entryValue": "",
    "description": "Status of wlan0 physical connection",
    "datatype": "yesno",
    "option": "yes,no",
    "create_permission": 0,
    "delete_permission": 0,
    "update_permission": 7,
    "read_permission": 7,
    "readonly": 0,
    "writeonly": 0,
    "group1": "system",
    "group2": "network",
    "group3": "wlan0",
    "group4": "connected",
    "group5": "",
    "group6": "",
    "made": "hanskim",
    "regdate": 1661789690
  },
  {
    "prino": 111,
    "groupPath": "system.network.wlan0.ip4",
    "entryName": "enable",
    "entryValue": "no",
    "description": "wifi enabled",
    "datatype": "yesno",
    "option": "yes,no",
    "create_permission": 0,
    "delete_permission": 0,
    "update_permission": 7,
    "read_permission": 7,
    "readonly": 0,
    "writeonly": 0,
    "group1": "system",
    "group2": "network",
    "group3": "wlan0",
    "group4": "ip4",
    "group5": "enable",
    "group6": "",
    "made": "hanskim",
    "regdate": 1661789690
  },
  {
    "prino": 112,
    "groupPath": "system.network.wlan0.ip4",
    "entryName": "mode",
    "entryValue": "",
    "description": "Mode of Ethernet",
    "datatype": "select",
    "option": "dhcp,static",
    "create_permission": 0,
    "delete_permission": 0,
    "update_permission": 7,
    "read_permission": 7,
    "readonly": 0,
    "writeonly": 0,
    "group1": "system",
    "group2": "network",
    "group3": "wlan0",
    "group4": "ip4",
    "group5": "mode",
    "group6": "",
    "made": "hanskim",
    "regdate": 1661789690
  },
  {
    "prino": 113,
    "groupPath": "system.network.wlan0.ip4",
    "entryName": "changed",
    "entryValue": "no",
    "description": "changed network setting",
    "datatype": "yesno",
    "option": "yes,no",
    "create_permission": 0,
    "delete_permission": 0,
    "update_permission": 7,
    "read_permission": 7,
    "readonly": 0,
    "writeonly": 0,
    "group1": "system",
    "group2": "network",
    "group3": "wlan0",
    "group4": "ip4",
    "group5": "changed",
    "group6": "",
    "made": "hanskim",
    "regdate": 1661789690
  },
  {
    "prino": 114,
    "groupPath": "system.network.wlan0.ip4",
    "entryName": "address",
    "entryValue": "",
    "description": "Ethernet Address",
    "datatype": "ipv4",
    "option": "",
    "create_permission": 0,
    "delete_permission": 0,
    "update_permission": 7,
    "read_permission": 7,
    "readonly": 0,
    "writeonly": 0,
    "group1": "system",
    "group2": "network",
    "group3": "wlan0",
    "group4": "ip4",
    "group5": "address",
    "group6": "",
    "made": "hanskim",
    "regdate": 1661789690
  },
  {
    "prino": 115,
    "groupPath": "system.network.wlan0.ip4",
    "entryName": "subnetmask",
    "entryValue": "",
    "description": "Ethernet subnetmask",
    "datatype": "ipv4",
    "option": "",
    "create_permission": 0,
    "delete_permission": 0,
    "update_permission": 7,
    "read_permission": 7,
    "readonly": 0,
    "writeonly": 0,
    "group1": "system",
    "group2": "network",
    "group3": "wlan0",
    "group4": "ip4",
    "group5": "subnetmask",
    "group6": "",
    "made": "hanskim",
    "regdate": 1661789690
  },
  {
    "prino": 116,
    "groupPath": "system.network.wlan0.ip4",
    "entryName": "gateway",
    "entryValue": "",
    "description": "Ethernet gateway",
    "datatype": "ipv4",
    "option": "",
    "create_permission": 0,
    "delete_permission": 0,
    "update_permission": 7,
    "read_permission": 7,
    "readonly": 0,
    "writeonly": 0,
    "group1": "system",
    "group2": "network",
    "group3": "wlan0",
    "group4": "ip4",
    "group5": "gateway",
    "group6": "",
    "made": "hanskim",
    "regdate": 1661789690
  },
  {
    "prino": 117,
    "groupPath": "system.network.wlan0.ip4",
    "entryName": "dns1",
    "entryValue": "",
    "description": "Ethernet dns1",
    "datatype": "ipv4",
    "option": "",
    "create_permission": 0,
    "delete_permission": 0,
    "update_permission": 7,
    "read_permission": 7,
    "readonly": 0,
    "writeonly": 0,
    "group1": "system",
    "group2": "network",
    "group3": "wlan0",
    "group4": "ip4",
    "group5": "dns1",
    "group6": "",
    "made": "hanskim",
    "regdate": 1661789690
  },
  {
    "prino": 118,
    "groupPath": "system.network.wlan0.ip4",
    "entryName": "dns2",
    "entryValue": "",
    "description": "Ethernet dns2",
    "datatype": "ipv4",
    "option": "",
    "create_permission": 0,
    "delete_permission": 0,
    "update_permission": 7,
    "read_permission": 7,
    "readonly": 0,
    "writeonly": 0,
    "group1": "system",
    "group2": "network",
    "group3": "wlan0",
    "group4": "ip4",
    "group5": "dns2",
    "group6": "",
    "made": "hanskim",
    "regdate": 1661789690
  }
]