{
    "language":[
        {
            "key":"txt_version_bin",
            "English":"VERSION BIN",
            "Korean":"VERSION BIN",
            "Chinese":"VERSION BIN"
        },
        {
            "key":"txt_version_webpage",
            "English":"VERSION WEBPAGE",
            "Korean":"VERSION WEBPAGE",
            "Chinese":"VERSION WEBPAGE"
        },
        {
            "key":"txt_version_param",
            "English":"VERSION PARAM",
            "Korean":"VERSION PARAM",
            "Chinese":"VERSION PARAM"
        },
        {
            "key":"txt_version_code",
            "English":"VERSION CODE",
            "Korean":"VERSION CODE",
            "Chinese":"VERSION CODE"
        },
        {
            "key":"txt_server_state",
            "English":"SERVER STATUS",
            "Korean":"SERVER STATUS",
            "Chinese":"SERVER STATUS"
        },        
        {
            "key":"main_title",
            "English":"Update Tool",
            "Korean":"Update Tool",
            "Chinese":"Update Tool"
        },        
        {
            "key":"start",
            "English":"Start",
            "Korean":"Start",
            "Chinese":"Start"
        },        
        {
            "key":"cancel",
            "English":"Cancel",
            "Korean":"Cancel",
            "Chinese":"Cancel"
        }
    ]
}
